거리,메뉴
(3분 이내) 무조건 가까운 곳!,"(1분) 비비스: 파스타, 리조또, 브런치"
(3분 이내) 무조건 가까운 곳!,(1분) 분식을 품다: 분식
(3분 이내) 무조건 가까운 곳!,(1분) 한양설렁탕: 설렁탕
(3분 이내) 무조건 가까운 곳!,(2분) 통큰솥뚜껑닭볶음탕: 닭볽음탕. 여름엔 초계국수도 있어요
(3분 이내) 무조건 가까운 곳!,(2분) 보배반점: 중식
(3분 이내) 무조건 가까운 곳!,(2분) 다리원: 중식
(3분 이내) 무조건 가까운 곳!,(2분) 라밥: 분식
(3분 이내) 무조건 가까운 곳!,(2분) 마포갈비
(3분 이내) 무조건 가까운 곳!,"(2분) 미태리: 파스타, 필라프, 피자"
(3분 이내) 무조건 가까운 곳!,"(2분) 마당돈까스: 돈카츠, 모밀, 우동"
(3분 이내) 무조건 가까운 곳!,"(2분) 살리고 카레야: 카레, 덮밥, 볶음밥"
(3분 이내) 무조건 가까운 곳!,"(2분) 한월길: 김치찌개, 김치찜, 백반"
(3분 이내) 무조건 가까운 곳!,(3분) 더맛있는족발보쌈: 보쌈정식
(3분 이내) 무조건 가까운 곳!,"(3분) 김태완스시: 스시, 알밥, 돈까스"
(3분 이내) 무조건 가까운 곳!,(3분) 맥도날드: 햄거버
(3분 이내) 무조건 가까운 곳!,"(3분) 속초오징어: 회덮밥, 고등어구이, 매운탕"
(3분 이내) 무조건 가까운 곳!,"(30초) 써브웨이: 샌드위치, 샐러드"
(3분 이내) 무조건 가까운 곳!,(3분) 60계치킨: 치킨
(3분 이내) 무조건 가까운 곳!,"(3분) 백소정: 돈카츠, 마제소바, 모밀"
(3분 이내) 무조건 가까운 곳!,"(3분) 송가네보쌈: 보쌈정식, 순두부, 된장"
(3분 이내) 무조건 가까운 곳!,"(3분) 차돌풍: 된장찌개, 순두부찌개, 뚝불, 짬뽕"
(3분 이내) 무조건 가까운 곳!,(3분) 포케올데이: 포케
(3분 이내) 무조건 가까운 곳!,(3분) 샐러디: 샐러드
(3분 이내) 무조건 가까운 곳!,(3분) 빨간모자피자: 피자
(3분 이내) 무조건 가까운 곳!,"(3분) 최민주 더업 밥: 돈까스, 카레, 비빔밥"
(3분 이내) 무조건 가까운 곳!,(3분) 라멘토카이: 라멘
(3분 이내) 무조건 가까운 곳!,(3분) 남원추어탕: 추어탕
(3분 이내) 무조건 가까운 곳!,(3분) 비비볼: 포케
(5분 이내) 5분까지 OK!,"(1분) 비비스: 파스타, 리조또, 브런치"
(5분 이내) 5분까지 OK!,(1분) 분식을 품다: 분식
(5분 이내) 5분까지 OK!,(1분) 한양설렁탕: 설렁탕
(5분 이내) 5분까지 OK!,(2분) 통큰솥뚜껑닭볶음탕: 닭볽음탕. 여름엔 초계국수도 있어요
(5분 이내) 5분까지 OK!,(2분) 보배반점: 중식
(5분 이내) 5분까지 OK!,(2분) 다리원: 중식
(5분 이내) 5분까지 OK!,(2분) 라밥: 분식
(5분 이내) 5분까지 OK!,(2분) 마포갈비
(5분 이내) 5분까지 OK!,"(2분) 미태리: 파스타, 필라프, 피자"
(5분 이내) 5분까지 OK!,"(2분) 마당돈까스: 돈카츠, 모밀, 우동"
(5분 이내) 5분까지 OK!,"(2분) 살리고 카레야: 카레, 덮밥, 볶음밥"
(5분 이내) 5분까지 OK!,"(2분) 한월길: 김치찌개, 김치찜, 백반"
(5분 이내) 5분까지 OK!,(3분) 더맛있는족발보쌈: 보쌈정식
(5분 이내) 5분까지 OK!,"(3분) 김태완스시: 스시, 알밥, 돈까스"
(5분 이내) 5분까지 OK!,(3분) 맥도날드: 햄거버
(5분 이내) 5분까지 OK!,"(3분) 속초오징어: 회덮밥, 고등어구이, 매운탕"
(5분 이내) 5분까지 OK!,"(30초) 써브웨이: 샌드위치, 샐러드"
(5분 이내) 5분까지 OK!,(3분) 60계치킨: 치킨
(5분 이내) 5분까지 OK!,"(3분) 백소정: 돈카츠, 마제소바, 모밀"
(5분 이내) 5분까지 OK!,"(3분) 송가네보쌈: 보쌈정식, 순두부, 된장"
(5분 이내) 5분까지 OK!,"(3분) 차돌풍: 된장찌개, 순두부찌개, 뚝불, 짬뽕"
(5분 이내) 5분까지 OK!,(3분) 포케올데이: 포케
(5분 이내) 5분까지 OK!,(3분) 샐러디: 샐러드
(5분 이내) 5분까지 OK!,(3분) 빨간모자피자: 피자
(5분 이내) 5분까지 OK!,"(3분) 최민주 더업 밥: 돈까스, 카레, 비빔밥"
(5분 이내) 5분까지 OK!,(3분) 라멘토카이: 라멘
(5분 이내) 5분까지 OK!,(3분) 남원추어탕: 추어탕
(5분 이내) 5분까지 OK!,(3분) 비비볼: 포케
(5분 이내) 5분까지 OK!,(4분) 디얄로: 인도커리
(5분 이내) 5분까지 OK!,"(4분) 맘스터치: 햄버거, 치킨"
(5분 이내) 5분까지 OK!,"(4분) 귄식당: 덮밥, 돈카츠, 우동, 나베"
(5분 이내) 5분까지 OK!,(4분) 동대문엽기떡볶이: 떡볶이
(5분 이내) 5분까지 OK!,"(4분) 육회바른연어: 덮밥, 쫄면"
(5분 이내) 5분까지 OK!,(4분) 마유유 마라탕: 마라탕
(5분 이내) 5분까지 OK!,(4분) 마라장룡: 마라탕
(5분 이내) 5분까지 OK!,(4분) 청담동마녀김밥: 분식
(5분 이내) 5분까지 OK!,(4분) 나그네 밥집: 한식
(5분 이내) 5분까지 OK!,(4분) 백채김치찌개: 김치찌개
(5분 이내) 5분까지 OK!,"(4분) 서울닭칼: 칼국수, 닭곰탕, 콩국수"
(5분 이내) 5분까지 OK!,"(4분) 서초명가: 굴(국밥, 순두부, 매생이, 떡국), 비빔밥"
(5분 이내) 5분까지 OK!,(4분) 죠스떡볶이: 분식
(5분 이내) 5분까지 OK!,(4분) 열혈닭갈비: 닭갈비
(5분 이내) 5분까지 OK!,(4분) 하이샌드 후르츠: 샌드위치
(5분 이내) 5분까지 OK!,"(4분) 닻별: 파스타, 리조또"
(5분 이내) 5분까지 OK!,(4분) 신참떡볶이: 떡볶이
(5분 이내) 5분까지 OK!,"(4분) 김밥25: 김밥, 오므라이스, 돈까스"
(5분 이내) 5분까지 OK!,"(4분) 까르보네: 스파게티, 피자"
(5분 이내) 5분까지 OK!,"(4분) 펭귄냉면: 냉면, 김치불고기, 짜글이"
(5분 이내) 5분까지 OK!,(4분) 향원: 중식
(5분 이내) 5분까지 OK!,"(4분) 귀일교자: 교자, 우동"
(5분 이내) 5분까지 OK!,(4분) 하이나: 샌드위치
(5분 이내) 5분까지 OK!,(5분) 5구역: 쭈꾸미
(5분 이내) 5분까지 OK!,(5분) 복만당: 곰탕
(5분 이내) 5분까지 OK!,(5분) 중식당 오즈: 중식
(5분 이내) 5분까지 OK!,"(5분) 솥고집: 만두전골, 김치찌개, 부대찌개"
(5분 이내) 5분까지 OK!,"(5분) 방배동순대국: 순대국, 뼈해장국"
(5분 이내) 5분까지 OK!,(5분) 리브팜: 샐러드
(5분 이내) 5분까지 OK!,(5분) 교촌치킨: 치킨
(5분 이내) 5분까지 OK!,"(5분) 서초본가칼국수: 칼국수, 콩국수"
(5분 이내) 5분까지 OK!,"(5분) 진지방: 순대국, 내장탕, 돈까스, 만두국"
(5분 이내) 5분까지 OK!,"(5분) 네츠: 돈까스, 우동"
(9분 이내) 산책하기 좋은 날씨,"(1분) 비비스: 파스타, 리조또, 브런치"
(9분 이내) 산책하기 좋은 날씨,(1분) 분식을 품다: 분식
(9분 이내) 산책하기 좋은 날씨,(1분) 한양설렁탕: 설렁탕
(9분 이내) 산책하기 좋은 날씨,(2분) 통큰솥뚜껑닭볶음탕: 닭볽음탕. 여름엔 초계국수도 있어요
(9분 이내) 산책하기 좋은 날씨,(2분) 보배반점: 중식
(9분 이내) 산책하기 좋은 날씨,(2분) 다리원: 중식
(9분 이내) 산책하기 좋은 날씨,(2분) 라밥: 분식
(9분 이내) 산책하기 좋은 날씨,(2분) 마포갈비
(9분 이내) 산책하기 좋은 날씨,"(2분) 미태리: 파스타, 필라프, 피자"
(9분 이내) 산책하기 좋은 날씨,"(2분) 마당돈까스: 돈카츠, 모밀, 우동"
(9분 이내) 산책하기 좋은 날씨,"(2분) 살리고 카레야: 카레, 덮밥, 볶음밥"
(9분 이내) 산책하기 좋은 날씨,"(2분) 한월길: 김치찌개, 김치찜, 백반"
(9분 이내) 산책하기 좋은 날씨,(3분) 더맛있는족발보쌈: 보쌈정식
(9분 이내) 산책하기 좋은 날씨,"(3분) 김태완스시: 스시, 알밥, 돈까스"
(9분 이내) 산책하기 좋은 날씨,(3분) 맥도날드: 햄거버
(9분 이내) 산책하기 좋은 날씨,"(3분) 속초오징어: 회덮밥, 고등어구이, 매운탕"
(9분 이내) 산책하기 좋은 날씨,"(30초) 써브웨이: 샌드위치, 샐러드"
(9분 이내) 산책하기 좋은 날씨,(3분) 60계치킨: 치킨
(9분 이내) 산책하기 좋은 날씨,"(3분) 백소정: 돈카츠, 마제소바, 모밀"
(9분 이내) 산책하기 좋은 날씨,"(3분) 송가네보쌈: 보쌈정식, 순두부, 된장"
(9분 이내) 산책하기 좋은 날씨,"(3분) 차돌풍: 된장찌개, 순두부찌개, 뚝불, 짬뽕"
(9분 이내) 산책하기 좋은 날씨,(3분) 포케올데이: 포케
(9분 이내) 산책하기 좋은 날씨,(3분) 샐러디: 샐러드
(9분 이내) 산책하기 좋은 날씨,(3분) 빨간모자피자: 피자
(9분 이내) 산책하기 좋은 날씨,"(3분) 최민주 더업 밥: 돈까스, 카레, 비빔밥"
(9분 이내) 산책하기 좋은 날씨,(3분) 라멘토카이: 라멘
(9분 이내) 산책하기 좋은 날씨,(3분) 남원추어탕: 추어탕
(9분 이내) 산책하기 좋은 날씨,(3분) 비비볼: 포케
(9분 이내) 산책하기 좋은 날씨,(4분) 디얄로: 인도커리
(9분 이내) 산책하기 좋은 날씨,"(4분) 맘스터치: 햄버거, 치킨"
(9분 이내) 산책하기 좋은 날씨,"(4분) 귄식당: 덮밥, 돈카츠, 우동, 나베"
(9분 이내) 산책하기 좋은 날씨,(4분) 동대문엽기떡볶이: 떡볶이
(9분 이내) 산책하기 좋은 날씨,"(4분) 육회바른연어: 덮밥, 쫄면"
(9분 이내) 산책하기 좋은 날씨,(4분) 마유유 마라탕: 마라탕
(9분 이내) 산책하기 좋은 날씨,(4분) 마라장룡: 마라탕
(9분 이내) 산책하기 좋은 날씨,(4분) 청담동마녀김밥: 분식
(9분 이내) 산책하기 좋은 날씨,(4분) 나그네 밥집: 한식
(9분 이내) 산책하기 좋은 날씨,(4분) 백채김치찌개: 김치찌개
(9분 이내) 산책하기 좋은 날씨,"(4분) 서울닭칼: 칼국수, 닭곰탕, 콩국수"
(9분 이내) 산책하기 좋은 날씨,"(4분) 서초명가: 굴(국밥, 순두부, 매생이, 떡국), 비빔밥"
(9분 이내) 산책하기 좋은 날씨,(4분) 죠스떡볶이: 분식
(9분 이내) 산책하기 좋은 날씨,(4분) 열혈닭갈비: 닭갈비
(9분 이내) 산책하기 좋은 날씨,(4분) 하이샌드 후르츠: 샌드위치
(9분 이내) 산책하기 좋은 날씨,"(4분) 닻별: 파스타, 리조또"
(9분 이내) 산책하기 좋은 날씨,(4분) 신참떡볶이: 떡볶이
(9분 이내) 산책하기 좋은 날씨,"(4분) 김밥25: 김밥, 오므라이스, 돈까스"
(9분 이내) 산책하기 좋은 날씨,"(4분) 까르보네: 스파게티, 피자"
(9분 이내) 산책하기 좋은 날씨,"(4분) 펭귄냉면: 냉면, 김치불고기, 짜글이"
(9분 이내) 산책하기 좋은 날씨,(4분) 향원: 중식
(9분 이내) 산책하기 좋은 날씨,"(4분) 귀일교자: 교자, 우동"
(9분 이내) 산책하기 좋은 날씨,(4분) 하이나: 샌드위치
(9분 이내) 산책하기 좋은 날씨,(5분) 5구역: 쭈꾸미
(9분 이내) 산책하기 좋은 날씨,(5분) 복만당: 곰탕
(9분 이내) 산책하기 좋은 날씨,(5분) 중식당 오즈: 중식
(9분 이내) 산책하기 좋은 날씨,"(5분) 솥고집: 만두전골, 김치찌개, 부대찌개"
(9분 이내) 산책하기 좋은 날씨,"(5분) 방배동순대국: 순대국, 뼈해장국"
(9분 이내) 산책하기 좋은 날씨,(5분) 리브팜: 샐러드
(9분 이내) 산책하기 좋은 날씨,(5분) 교촌치킨: 치킨
(9분 이내) 산책하기 좋은 날씨,"(5분) 서초본가칼국수: 칼국수, 콩국수"
(9분 이내) 산책하기 좋은 날씨,"(5분) 진지방: 순대국, 내장탕, 돈까스, 만두국"
(9분 이내) 산책하기 좋은 날씨,"(5분) 네츠: 돈까스, 우동"
(9분 이내) 산책하기 좋은 날씨,(6분) 롯데리아: 햄버거
(9분 이내) 산책하기 좋은 날씨,"(6분) 하루별: 돈카츠, 카레, 우동, 덮밥"
(9분 이내) 산책하기 좋은 날씨,(6분) 잭슨피자: 피자
(9분 이내) 산책하기 좋은 날씨,(6분) 밥보: 한식
(9분 이내) 산책하기 좋은 날씨,"(6분) 복어칼국수: 칼국수, 비빔국수, 만두국"
(9분 이내) 산책하기 좋은 날씨,(6분) 정담남원추어탕: 추어탕
(9분 이내) 산책하기 좋은 날씨,(6분) 담채: 쌈밥
(9분 이내) 산책하기 좋은 날씨,"(6분) 달빛그림: 회덮밥, 고등어구이, 알탕, 오징어볶음"
(9분 이내) 산책하기 좋은 날씨,(7분) 함포해장: 해장국
(9분 이내) 산책하기 좋은 날씨,"(7분) 오코다리: 냉면, 곰탕"
(9분 이내) 산책하기 좋은 날씨,(7분) 감바레우쿠짱: 라멘
(9분 이내) 산책하기 좋은 날씨,"(7분) 순두부와청국장: 순두부, 청국장"
(9분 이내) 산책하기 좋은 날씨,"(7분) 계육만찬: 닭개장, 닭곰탕, 육개장"
(9분 이내) 산책하기 좋은 날씨,"(7분) 그우동집: 우동, 비빔밥, 김밥"
(9분 이내) 산책하기 좋은 날씨,"(7분) 돈카춘: 돈카츠, 마제소바"
(9분 이내) 산책하기 좋은 날씨,"(7분) 그린닷컴: 샌드위치, 샐러드, 포케"
(9분 이내) 산책하기 좋은 날씨,(7분) 차이싱: 중식
(9분 이내) 산책하기 좋은 날씨,(7분) 본죽: 죽
(9분 이내) 산책하기 좋은 날씨,(7분) 등촌샤브칼국수: 칼국수
(9분 이내) 산책하기 좋은 날씨,(7분) 위클리베이글: 샌드위치
(9분 이내) 산책하기 좋은 날씨,"(7분) 역전우동0410: 우동, 돈까스, 덮밥"
(9분 이내) 산책하기 좋은 날씨,(8분) 북촌순두부&쭈꾸미
(9분 이내) 산책하기 좋은 날씨,"(8분) 순남시래기: 수육정식, 시래기국, 꼬막정식"
(9분 이내) 산책하기 좋은 날씨,(8분) LA부대찌개: 부대찌개
(9분 이내) 산책하기 좋은 날씨,(8분) 브리즈 버거: 수제버거
(9분 이내) 산책하기 좋은 날씨,(9분) 버거킹: 햄거버
(9분 이내) 산책하기 좋은 날씨,(9분) 샤브드칸: 샤브샤브
(9분 이내) 산책하기 좋은 날씨,(9분) 배무진함흥냉면: 냉면
(9분 이내) 산책하기 좋은 날씨,"(9분) 동지팥죽: 팥죽, 팥칼국수"
(9분 이내) 산책하기 좋은 날씨,"(9분) 펍앤쿡 방배: 요일별 런치(칼국수, 옹심이수제비)"
(10분 이상) 오늘 좀 걷고 싶어요,"(10분) 최고집칼국수: 칼국수, 수제비"
(10분 이상) 오늘 좀 걷고 싶어요,(10분) 진미도삭면: 중식
(10분 이상) 오늘 좀 걷고 싶어요,"(10분) 방배본가면옥: 국밥, 냉면, 만두국"
(10분 이상) 오늘 좀 걷고 싶어요,(10분) 심동리산채순대: 순대국
(10분 이상) 오늘 좀 걷고 싶어요,(10분) 김가네감자탕: 뼈다귀탕
(10분 이상) 오늘 좀 걷고 싶어요,(10분) 청빈: 중식
(10분 이상) 오늘 좀 걷고 싶어요,"(10분) 방오돈 경양식돈가스 스낵바: 돈까스, 떡볶이, 우동"
(10분 이상) 오늘 좀 걷고 싶어요,"(12분) 댓짱돈까스: 돈까스, 모밀"
(10분 이상) 오늘 좀 걷고 싶어요,"(13분) 참좋은고기: 김치전골, 된장전골, 불고기전골"
(10분 이상) 오늘 좀 걷고 싶어요,(13분) 만다린: 중식
(10분 이상) 오늘 좀 걷고 싶어요,(13분) 하노이애: 베트남음식
(10분 이상) 오늘 좀 걷고 싶어요,(13분) 희객: 중식
(10분 이상) 오늘 좀 걷고 싶어요,"(13분) 고찌소: 돈카츠, 모밀"
(10분 이상) 오늘 좀 걷고 싶어요,(14분) 마실: 태국음식
(10분 이상) 오늘 좀 걷고 싶어요,(14분) 임광루: 중식
(10분 이상) 오늘 좀 걷고 싶어요,(15분) 프랭크버거: 햄버거
(10분 이상) 오늘 좀 걷고 싶어요,(15분) 육전국밥: 국밥
(10분 이상) 오늘 좀 걷고 싶어요,(15분) 육전국밥: 국밥
(10분 이상) 오늘 좀 걷고 싶어요,"(15분) 외갓집: 직화(제육, 오징어)"
